{"inputUnits":[63],"outputUnits":3,"inputs":{"0":{"dtype":"number","min":0.21719780564308167,"max":0.7985928654670715},"1":{"dtype":"number","min":0.5850191116333008,"max":1.192994236946106},"2":{"dtype":"number","min":-7.870356171224557e-7,"max":0.000001587801989444415},"3":{"dtype":"number","min":0.21508952975273132,"max":0.8759328722953796},"4":{"dtype":"number","min":0.4862712025642395,"max":1.0823229551315308},"5":{"dtype":"number","min":-0.06699772924184799,"max":0.07934775948524475},"6":{"dtype":"number","min":0.1850997507572174,"max":0.9249995350837708},"7":{"dtype":"number","min":0.38265758752822876,"max":0.988312840461731},"8":{"dtype":"number","min":-0.10523105412721634,"max":0.10665502399206161},"9":{"dtype":"number","min":0.185173898935318,"max":0.9733654260635376},"10":{"dtype":"number","min":0.2728864848613739,"max":0.9306789636611938},"11":{"dtype":"number","min":-0.16050103306770325,"max":0.11695121973752975},"12":{"dtype":"number","min":0.1791403591632843,"max":1.0278544425964355},"13":{"dtype":"number","min":0.19747525453567505,"max":0.8697545528411865},"14":{"dtype":"number","min":-0.22723263502120972,"max":0.1240018680691719},"15":{"dtype":"number","min":0.12112203240394592,"max":0.8695420622825623},"16":{"dtype":"number","min":0.3211330771446228,"max":0.826498806476593},"17":{"dtype":"number","min":-0.15511195361614227,"max":0.07370615750551224},"18":{"dtype":"number","min":0.20778870582580566,"max":0.9277422428131104},"19":{"dtype":"number","min":0.21815289556980133,"max":0.7093562483787537},"20":{"dtype":"number","min":-0.26085177063941956,"max":0.0839967355132103},"21":{"dtype":"number","min":0.24473993480205536,"max":0.9705196022987366},"22":{"dtype":"number","min":0.26247915625572205,"max":0.6956592798233032},"23":{"dtype":"number","min":-0.3339010179042816,"max":0.09126386046409607},"24":{"dtype":"number","min":0.2341676652431488,"max":1.0117837190628052},"25":{"dtype":"number","min":0.264276385307312,"max":0.6949471235275269},"26":{"dtype":"number","min":-0.3863673210144043,"max":0.09643951058387756},"27":{"dtype":"number","min":0.1958124041557312,"max":0.8595430254936218},"28":{"dtype":"number","min":0.33712995052337646,"max":0.8673415780067444},"29":{"dtype":"number","min":-0.19826413691043854,"max":0.04198741540312767},"30":{"dtype":"number","min":0.3116275370121002,"max":0.8799864053726196},"31":{"dtype":"number","min":0.27548864483833313,"max":0.708112895488739},"32":{"dtype":"number","min":-0.31668129563331604,"max":0.056673306971788406},"33":{"dtype":"number","min":0.32338330149650574,"max":0.9228981137275696},"34":{"dtype":"number","min":0.30969008803367615,"max":0.694361686706543},"35":{"dtype":"number","min":-0.410040020942688,"max":0.06383294612169266},"36":{"dtype":"number","min":0.29185569286346436,"max":0.9554177522659302},"37":{"dtype":"number","min":0.21513962745666504,"max":0.7702065706253052},"38":{"dtype":"number","min":-0.481734961271286,"max":0.06844790279865265},"39":{"dtype":"number","min":0.2797631323337555,"max":0.9030618071556091},"40":{"dtype":"number","min":0.37395116686820984,"max":0.906943678855896},"41":{"dtype":"number","min":-0.241970494389534,"max":0.016475802287459373},"42":{"dtype":"number","min":0.2530670762062073,"max":0.8980982899665833},"43":{"dtype":"number","min":0.34438806772232056,"max":0.7319873571395874},"44":{"dtype":"number","min":-0.357647567987442,"max":0.030363779515028},"45":{"dtype":"number","min":0.22899718582630157,"max":0.935988187789917},"46":{"dtype":"number","min":0.3577888607978821,"max":0.7589161396026611},"47":{"dtype":"number","min":-0.4381665289402008,"max":0.03825663775205612},"48":{"dtype":"number","min":0.21386191248893738,"max":0.9658924341201782},"49":{"dtype":"number","min":0.26610612869262695,"max":0.8255112171173096},"50":{"dtype":"number","min":-0.4952467381954193,"max":0.04185802489519119},"51":{"dtype":"number","min":0.24552349746227264,"max":0.938957154750824},"52":{"dtype":"number","min":0.4125726521015167,"max":0.9771246910095215},"53":{"dtype":"number","min":-0.28799399733543396,"max":0.011921597644686699},"54":{"dtype":"number","min":0.17866088449954987,"max":0.9153454899787903},"55":{"dtype":"number","min":0.39100974798202515,"max":0.8595150709152222},"56":{"dtype":"number","min":-0.38988256454467773,"max":0.02942579798400402},"57":{"dtype":"number","min":0.1411380171775818,"max":0.9344573020935059},"58":{"dtype":"number","min":0.41888388991355896,"max":0.8247233629226685},"59":{"dtype":"number","min":-0.4503530263900757,"max":0.04506128653883934},"60":{"dtype":"number","min":0.11049991846084595,"max":0.9596163034439087},"61":{"dtype":"number","min":0.3846735656261444,"max":0.8820450305938721},"62":{"dtype":"number","min":-0.49674132466316223,"max":0.05348345637321472}},"outputs":{"label":{"dtype":"string","min":0,"max":1,"uniqueValues":["Charge","Zwaard","Schild"],"legend":{"Charge":[1,0,0],"Zwaard":[0,1,0],"Schild":[0,0,1]}}},"isNormalized":true}